abstract_sku,store_name
M74972,US
M74974,US
M1000786,US
M1000838,US
M1000839,US
M1000840,US
M302,US
M75601,US
M11222,US
M39654,US
M1896,US
M62305,US
M80392,US
M857,US
M856,US
M858,US
M859,US
M54107,US
M54110,US
M54111,US
M54113,US
M55895,US
M55936,US
M55937,US
M58227,US
M58228,US
M58230,US
M58312,US
M58313,US
M58315,US
M58314,US
M58335,US
M58336,US
M68854,US
M62301,US
M62306,US
M68726,US
M68727,US
M852,US
M75685,US
M75686,US
M75727,US
M75700,US
M75730,US
M40490,US
M40491,US
M213,US
M226,US
M229,US
M14054,US
M15127,US
M87464,US
M87416,US
M731,US
M12655,US
M12656,US
M58035,US
M62584,US
M634,US
M635,US
M636,US
M74966,US
M90806,US
M10569,US
M10577,US
M11473,US
M11306,US
M75071,US
M11480,US
M526,US
M527,US
M528,US
M529,US
M45050,US
M49207,US
M49344,US
M58100,US
M58102,US
M58103,US
M58104,US
M58105,US
M61124,US
M61125,US
M66923,US
M64947,US
M69408,US
M58095,US
M72878,US
M74907,US
M53331,US
M10871,US
M10872,US
M2365,US
M2366,US
M2393,US
M64933,US
M64934,US
M86938,US
M86939,US
M1000785,US
M53238,US
M74815,US
M719,US
M766,US
M767,US
M768,US
M769,US
M770,US
M771,US
M787,US
M788,US
M789,US
M53288,US
M53287,US
M2495,US
M61240,US
M79890,US
M79892,US
M79932,US
M72933,US
M72935,US
M72937,US
M72938,US
M72939,US
M72940,US
M72942,US
M72943,US
M72944,US
M72945,US
M5022,US
M5043,US
M5044,US
M70208,US
M5154,US
M5155,US
M5108,US
M5113,US
M5148,US
M5147,US
M1006484,US
M65062,US
M88181,US
M88182,US
M72843,US
M72844,US
M1006871,US
M43347,US
M90737,US
M90802,US
M90799,US
M90800,US
M90804,US
M90805,US
M1006811,US
M78380,US
M49320,US
M90850,US
M90851,US
M1014646,US
M1014645,US
M1014629,US
M1014642,US
M1014643,US
M1014644,US
M1014653,US
M1015355,US
M1015356,US
M1014656,US
M88184,US
M1014948,US
M90810,US
M432,US
M87599,US
M1014496,US
M1014502,US
M1002203,US
M39658,US
M15226,US
M1014866,US
M1014871,US
M1014870,US
M1014874,US
M1017945,US
M1018212,US
M1018211,US
M1017902,US
M1017905,US
M1022640,US
M1022643,US
M1022632,US
M1024601,US
M1024684,US
M1024689,US
M1028483,US
M1028095,US
M1028702,US
M1030133,US
M1028049,US
M1028061,US
M1028062,US
M1028038,US
M1031236,US
M1031238,US
M1028375,US
M1028376,US
M21062,US
M21066,US
M21067,US
M21073,US
M21090,US
M21091,US
M21092,US
M21093,US
M21094,US
M21097,US
M21099,US
M21100,US
M21101,US
M21103,US
M21104,US
M21105,US
M21189,US
M21190,US
M21191,US
M21193,US
M21194,US
M21195,US
M21196,US
M21197,US
M21200,US
M21201,US
M21202,US
M21203,US
M21205,US
M21296,US
M21299,US
M21635,US
M21636,US
M21637,US
M21638,US
M21646,US
M21648,US
M21650,US
M21679,US
M21680,US
M21681,US
M21684,US
M21690,US
M21691,US
M21692,US
M21693,US
M21694,US
M21703,US
M21704,US
M21705,US
M21708,US
M21711,US
M21713,US
M21714,US
M21715,US
M21716,US
M21717,US
M21740,US
M21741,US
M21742,US
M21743,US
M21744,US
M21745,US
M21759,US
M21766,US
M21771,US
M21772,US
M21773,US
M21774,US
M21777,US
M21778,US
M21779,US
M21903,US
M22230,US
M22232,US
M22269,US
M22293,US
M22397,US
M22398,US
M22410,US
M22411,US
M22412,US
M22432,US
M22484,US
M22613,US
M22660,US
M22661,US
M22662,US
M22663,US
M22664,US
M22682,US
M22796,US
M22797,US
M23067,US
M23340,US
M23343,US
M23345,US
M23432,US
M23436,US
M23438,US
M23440,US
M23441,US
M23444,US
M23450,US
M23451,US
M23454,US
M23455,US
M23456,US
M23457,US
M23459,US
M23460,US
M23461,US
M23462,US
M23463,US
M23467,US
M23468,US
M23469,US
M23470,US
M23471,US
M23472,US
M23473,US
M23475,US
M23476,US
M23477,US
M23478,US
M23479,US
M23482,US
M23484,US
M23486,US
M23487,US
M23488,US
M23510,US
M23512,US
M23513,US
M23720,US
M23721,US
M23722,US
M23723,US
M23724,US
M23725,US
M23726,US
M23727,US
M23729,US
M23730,US
M23731,US
M23732,US
M23751,US
M23764,US
M23766,US
M23770,US
M23771,US
M23777,US
M24143,US
M24416,US
M24417,US
M24418,US
M24563,US
M24605,US
M24606,US
M24609,US
M24610,US
M24612,US
M24613,US
M24632,US
M24637,US
M25598,US
M25599,US
M25600,US
M1013168,US
M1013287,US
M1013541,US
M1016129,US
M26415,US
M26416,US
M26417,US
M26418,US
M26419,US
M26420,US
M1079219,US
M1079221,US
M1079222,US
M1079243,US
M1080190,US
M83,US
M84,US
M85,US
M86,US
M87,US
M26831,US
M29455,US
M29456,US
M29468,US
M29499,US
M29501,US
M29502,US
M29503,US
M29504,US
M29507,US
M29523,US
M29524,US
M29525,US
M29526,US
M29529,US
M29530,US
M29929,US
M29930,US
M29931,US
M53235,US
M11542,US
M111,US
C2235,US
B0001,US
B0002,US
"fish-1","US"
"potato-1","US"
"cable-hdmi-1","US"
"cable-vga-1","US"
M74972,IN
M74974,IN
M1000786,IN
M1000838,IN
M1000839,IN
M1000840,IN
M302,IN
M75601,IN
M11222,IN
M39654,IN
M1896,IN
M62305,IN
M80392,IN
M857,IN
M856,IN
M858,IN
M859,IN
M54107,IN
M54110,IN
M54111,IN
M54113,IN
M55895,IN
M55936,IN
M55937,IN
M58227,IN
M58228,IN
M58230,IN
M58312,IN
M58313,IN
M58315,IN
M58314,IN
M58335,IN
M58336,IN
M68854,IN
M62301,IN
M62306,IN
M68726,IN
M68727,IN
M852,IN
M75685,IN
M75686,IN
M75727,IN
M75700,IN
M75730,IN
M40490,IN
M40491,IN
M213,IN
M226,IN
M229,IN
M14054,IN
M15127,IN
M87464,IN
M87416,IN
M731,IN
M12655,IN
M12656,IN
M58035,IN
M62584,IN
M634,IN
M635,IN
M636,IN
M74966,IN
M90806,IN
M10569,IN
M10577,IN
M11473,IN
M11306,IN
M75071,IN
M11480,IN
M526,IN
M527,IN
M528,IN
M529,IN
M45050,IN
M49207,IN
M49344,IN
M58100,IN
M58102,IN
M58103,IN
M58104,IN
M58105,IN
M61124,IN
M61125,IN
M66923,IN
M64947,IN
M69408,IN
M58095,IN
M72878,IN
M74907,IN
M53331,IN
M10871,IN
M10872,IN
M2365,IN
M2366,IN
M2393,IN
M64933,IN
M64934,IN
M86938,IN
M86939,IN
M1000785,IN
M53238,IN
M74815,IN
M719,IN
M766,IN
M767,IN
M768,IN
M769,IN
M770,IN
M771,IN
M787,IN
M788,IN
M789,IN
M53288,IN
M53287,IN
M2495,IN
M61240,IN
M79890,IN
M79892,IN
M79932,IN
M72933,IN
M72935,IN
M72937,IN
M72938,IN
M72939,IN
M72940,IN
M72942,IN
M72943,IN
M72944,IN
M72945,IN
M5022,IN
M5043,IN
M5044,IN
M70208,IN
M5154,IN
M5155,IN
M5108,IN
M5113,IN
M5148,IN
M5147,IN
M1006484,IN
M65062,IN
M88181,IN
M88182,IN
M72843,IN
M72844,IN
M1006871,IN
M43347,IN
M90737,IN
M90802,IN
M90799,IN
M90800,IN
M90804,IN
M90805,IN
M1006811,IN
M78380,IN
M49320,IN
M90850,IN
M90851,IN
M1014646,IN
M1014645,IN
M1014629,IN
M1014642,IN
M1014643,IN
M1014644,IN
M1014653,IN
M1015355,IN
M1015356,IN
M1014656,IN
M88184,IN
M1014948,IN
M90810,IN
M432,IN
M87599,IN
M1014496,IN
M1014502,IN
M1002203,IN
M39658,IN
M15226,IN
M1014866,IN
M1014871,IN
M1014870,IN
M1014874,IN
M1017945,IN
M1018212,IN
M1018211,IN
M1017902,IN
M1017905,IN
M1022640,IN
M1022643,IN
M1022632,IN
M1024601,IN
M1024684,IN
M1024689,IN
M1028483,IN
M1028095,IN
M1028702,IN
M1030133,IN
M1028049,IN
M1028061,IN
M1028062,IN
M1028038,IN
M1031236,IN
M1031238,IN
M1028375,IN
M1028376,IN
M21062,IN
M21066,IN
M21067,IN
M21073,IN
M21090,IN
M21091,IN
M21092,IN
M21093,IN
M21094,IN
M21097,IN
M21099,IN
M21100,IN
M21101,IN
M21103,IN
M21104,IN
M21105,IN
M21189,IN
M21190,IN
M21191,IN
M21193,IN
M21194,IN
M21195,IN
M21196,IN
M21197,IN
M21200,IN
M21201,IN
M21202,IN
M21203,IN
M21205,IN
M21296,IN
M21299,IN
M21635,IN
M21636,IN
M21637,IN
M21638,IN
M21646,IN
M21648,IN
M21650,IN
M21679,IN
M21680,IN
M21681,IN
M21684,IN
M21690,IN
M21691,IN
M21692,IN
M21693,IN
M21694,IN
M21703,IN
M21704,IN
M21705,IN
M21708,IN
M21711,IN
M21713,IN
M21714,IN
M21715,IN
M21716,IN
M21717,IN
M21740,IN
M21741,IN
M21742,IN
M21743,IN
M21744,IN
M21745,IN
M21759,IN
M21766,IN
M21771,IN
M21772,IN
M21773,IN
M21774,IN
M21777,IN
M21778,IN
M21779,IN
M21903,IN
M22230,IN
M22232,IN
M22269,IN
M22293,IN
M22397,IN
M22398,IN
M22410,IN
M22411,IN
M22412,IN
M22432,IN
M22484,IN
M22613,IN
M22660,IN
M22661,IN
M22662,IN
M22663,IN
M22664,IN
M22682,IN
M22796,IN
M22797,IN
M23067,IN
M23340,IN
M23343,IN
M23345,IN
M23432,IN
M23436,IN
M23438,IN
M23440,IN
M23441,IN
M23444,IN
M23450,IN
M23451,IN
M23454,IN
M23455,IN
M23456,IN
M23457,IN
M23459,IN
M23460,IN
M23461,IN
M23462,IN
M23463,IN
M23467,IN
M23468,IN
M23469,IN
M23470,IN
M23471,IN
M23472,IN
M23473,IN
M23475,IN
M23476,IN
M23477,IN
M23478,IN
M23479,IN
M23482,IN
M23484,IN
M23486,IN
M23487,IN
M23488,IN
M23510,IN
M23512,IN
M23513,IN
M23720,IN
M23721,IN
M23722,IN
M23723,IN
M23724,IN
M23725,IN
M23726,IN
M23727,IN
M23729,IN
M23730,IN
M23731,IN
M23732,IN
M23751,IN
M23764,IN
M23766,IN
M23770,IN
M23771,IN
M23777,IN
M24143,IN
M24416,IN
M24417,IN
M24418,IN
M24563,IN
M24605,IN
M24606,IN
M24609,IN
M24610,IN
M24612,IN
M24613,IN
M24632,IN
M24637,IN
M25598,IN
M25599,IN
M25600,IN
M1013168,IN
M1013287,IN
M1013541,IN
M1016129,IN
M26415,IN
M26416,IN
M26417,IN
M26418,IN
M26419,IN
M26420,IN
M1079219,IN
M1079221,IN
M1079222,IN
M1079243,IN
M1080190,IN
M83,IN
M84,IN
M85,IN
M86,IN
M87,IN
M26831,IN
M29455,IN
M29456,IN
M29468,IN
M29499,IN
M29501,IN
M29502,IN
M29503,IN
M29504,IN
M29507,IN
M29523,IN
M29524,IN
M29525,IN
M29526,IN
M29529,IN
M29530,IN
M29929,IN
M29930,IN
M29931,IN
M53235,IN
M11542,IN
M111,IN
C2235,IN
B0001,IN
B0002,IN
"fish-1","IN"
"potato-1","IN"
"cable-hdmi-1","IN"
"cable-vga-1","IN"

